train_rank,arm,max_iterations,populations,population_size,max_size,parsimony,n_fits,median_train_r2,median_heldout_r2,max_heldout_r2,n_heldout_ge_06
1,it1400_p30_ps30_ms26_par08_unone_bdiv,1400,30,30,26,0.8,18,0.887532,0.50229,0.94155,7
2,it1400_p60_ps30_ms26_par01_unone_bdiv,1400,60,30,26,0.1,18,0.881803,0.503825,0.940637,6
3,it1400_p60_ps30_ms26_par08_unone_bdiv,1400,60,30,26,0.8,18,0.881588,0.451893,0.977021,7
4,it700_p30_ps30_ms26_par08_unone_bdiv,700,30,30,26,0.8,18,0.876655,0.427199,0.94155,5
5,it700_p60_ps60_ms22_par01_unone_bdiv,700,60,60,22,0.1,18,0.873582,0.677385,0.942356,10
6,it1400_p30_ps60_ms22_par08_unone_bdiv,1400,30,60,22,0.8,18,0.86723,0.317923,0.937557,6
7,it700_p30_ps60_ms22_par08_unone_bdiv,700,30,60,22,0.8,18,0.867049,0.595067,0.942228,8
8,it1400_p30_ps30_ms26_par01_unone_bdiv,1400,30,30,26,0.1,18,0.863739,0.128119,0.961039,7
9,it1400_p60_ps60_ms26_par01_unone_bdiv,1400,60,60,26,0.1,18,0.850497,0.413613,0.961539,7
10,it700_p30_ps30_ms26_par01_unone_bdiv,700,30,30,26,0.1,18,0.848216,0.0,0.961039,5
11,it1400_p30_ps60_ms22_par01_unone_bdiv,1400,30,60,22,0.1,18,0.842735,0.061619,0.910801,6
12,it700_p60_ps60_ms22_par08_unone_bdiv,700,60,60,22,0.8,18,0.841935,0.565712,0.973135,9
13,it1400_p60_ps30_ms22_par01_unone_bdiv,1400,60,30,22,0.1,18,0.841331,0.273808,0.946492,4
14,it700_p30_ps60_ms26_par08_unone_bdiv,700,30,60,26,0.8,18,0.840048,0.306328,0.97249,6
15,it1400_p60_ps30_ms18_par01_unone_bdiv,1400,60,30,18,0.1,18,0.836331,0.0,0.974257,6
16,it1400_p60_ps60_ms22_par01_unone_bdiv,1400,60,60,22,0.1,18,0.834198,0.687384,0.958819,11
17,it1400_p60_ps60_ms18_par01_unone_bdiv,1400,60,60,18,0.1,18,0.833637,0.095535,0.936013,6
18,it1400_p30_ps60_ms26_par08_unone_bdiv,1400,30,60,26,0.8,18,0.833301,0.385793,0.97306,7
19,it700_p60_ps60_ms26_par01_unone_bdiv,700,60,60,26,0.1,18,0.829266,0.333295,0.975123,9
20,it700_p60_ps30_ms26_par08_unone_bdiv,700,60,30,26,0.8,18,0.828808,0.288007,0.977021,7
21,it1400_p30_ps30_ms18_par01_unone_bdiv,1400,30,30,18,0.1,18,0.823368,0.326898,0.930246,6
22,it1400_p60_ps60_ms26_par08_unone_bdiv,1400,60,60,26,0.8,18,0.819329,0.308673,0.952553,7
23,it700_p60_ps60_ms26_par08_unone_bdiv,700,60,60,26,0.8,18,0.819329,0.359524,0.952553,7
24,it700_p30_ps60_ms22_par01_unone_bdiv,700,30,60,22,0.1,18,0.818172,0.137856,0.910801,5
25,it1400_p60_ps60_ms22_par08_unone_bdiv,1400,60,60,22,0.8,18,0.817348,0.56522,0.973135,9
26,it1400_p60_ps30_ms22_par08_unone_bdiv,1400,60,30,22,0.8,18,0.81692,0.252795,0.919159,6
27,it700_p60_ps30_ms26_par30_unone_bdiv,700,60,30,26,3.0,18,0.808373,0.533164,0.902165,9
28,it1400_p60_ps30_ms26_par30_unone_bdiv,1400,60,30,26,3.0,18,0.801362,0.644664,0.958884,10
29,it1400_p60_ps60_ms26_par30_unone_bdiv,1400,60,60,26,3.0,18,0.801256,0.34873,0.98283,8
30,it700_p60_ps60_ms26_par30_unone_bdiv,700,60,60,26,3.0,18,0.800595,0.34873,0.98283,8
31,it700_p60_ps30_ms22_par01_unone_bdiv,700,60,30,22,0.1,18,0.792822,0.301008,0.946492,5
32,it1400_p60_ps30_ms18_par08_unone_bdiv,1400,60,30,18,0.8,18,0.788435,0.341442,0.918297,7
33,it1400_p30_ps60_ms18_par08_unone_bdiv,1400,30,60,18,0.8,18,0.78403,0.427775,0.962761,6
34,it700_p60_ps30_ms26_par01_unone_bdiv,700,60,30,26,0.1,18,0.781337,0.38228,0.930961,6
35,it700_p60_ps30_ms18_par08_unone_bdiv,700,60,30,18,0.8,18,0.779284,0.111798,0.95579,6
36,it1400_p30_ps30_ms22_par08_unone_bdiv,1400,30,30,22,0.8,18,0.776068,0.181652,0.923525,6
37,it700_p30_ps30_ms22_par08_unone_bdiv,700,30,30,22,0.8,18,0.776068,0.181652,0.923525,6
38,it1400_p30_ps60_ms26_par01_unone_bdiv,1400,30,60,26,0.1,18,0.771901,0.30202,0.965155,8
39,it700_p60_ps60_ms18_par01_unone_bdiv,700,60,60,18,0.1,18,0.770909,0.0,0.936013,5
40,it700_p60_ps30_ms18_par01_unone_bdiv,700,60,30,18,0.1,18,0.76746,0.129217,0.96695,6
41,it1400_p60_ps60_ms18_par08_unone_bdiv,1400,60,60,18,0.8,18,0.763484,0.453775,0.974877,6
42,it1400_p60_ps30_ms22_par30_unone_bdiv,1400,60,30,22,3.0,18,0.762461,0.148993,0.967974,6
43,it1400_p30_ps30_ms18_par30_unone_bdiv,1400,30,30,18,3.0,18,0.761122,0.250548,0.983298,6
44,it700_p30_ps30_ms18_par30_unone_bdiv,700,30,30,18,3.0,18,0.761122,0.15433,0.983298,6
45,it700_p60_ps60_ms18_par08_unone_bdiv,700,60,60,18,0.8,18,0.759017,0.432443,0.974877,6
46,it700_p60_ps30_ms22_par08_unone_bdiv,700,60,30,22,0.8,18,0.751694,0.023198,0.924589,5
47,it700_p30_ps60_ms26_par01_unone_bdiv,700,30,60,26,0.1,18,0.735695,0.363736,0.969541,8
48,it700_p60_ps30_ms22_par30_unone_bdiv,700,60,30,22,3.0,18,0.727744,0.459228,0.967974,8
49,it1400_p30_ps60_ms18_par30_unone_bdiv,1400,30,60,18,3.0,18,0.707304,0.367791,0.9824,8
50,it1400_p30_ps60_ms22_par30_unone_bdiv,1400,30,60,22,3.0,18,0.70567,0.320653,0.933719,5
51,it700_p30_ps60_ms18_par08_unone_bdiv,700,30,60,18,0.8,18,0.703958,0.2581,0.91531,5
52,it700_p30_ps60_ms18_par30_unone_bdiv,700,30,60,18,3.0,18,0.670473,0.002536,0.9824,7
53,it1400_p30_ps60_ms18_par01_unone_bdiv,1400,30,60,18,0.1,18,0.659475,0.203433,0.957503,6
54,it1400_p30_ps30_ms26_par30_unone_bdiv,1400,30,30,26,3.0,18,0.652493,0.104066,0.981776,7
55,it700_p30_ps30_ms26_par30_unone_bdiv,700,30,30,26,3.0,18,0.652493,0.104066,0.981776,6
56,it1400_p60_ps60_ms22_par30_unone_bdiv,1400,60,60,22,3.0,18,0.651901,0.434891,0.931874,5
57,it700_p60_ps60_ms22_par30_unone_bdiv,700,60,60,22,3.0,18,0.651901,0.434891,0.931874,6
58,it1400_p30_ps60_ms26_par30_unone_bdiv,1400,30,60,26,3.0,18,0.620423,0.091512,0.961669,3
59,it700_p60_ps60_ms18_par30_unone_bdiv,700,60,60,18,3.0,18,0.609134,0.0,0.89884,5
60,it700_p30_ps30_ms18_par01_unone_bdiv,700,30,30,18,0.1,18,0.607529,0.179127,0.794621,5
61,it1400_p30_ps30_ms18_par08_unone_bdiv,1400,30,30,18,0.8,18,0.603727,0.138277,0.944715,6
62,it700_p30_ps60_ms26_par30_unone_bdiv,700,30,60,26,3.0,18,0.594392,0.091512,0.961669,2
63,it700_p30_ps60_ms22_par30_unone_bdiv,700,30,60,22,3.0,18,0.589793,0.320653,0.933719,5
64,it1400_p30_ps30_ms22_par30_unone_bdiv,1400,30,30,22,3.0,18,0.587038,0.190257,0.964246,6
65,it700_p30_ps30_ms22_par30_unone_bdiv,700,30,30,22,3.0,18,0.587038,0.127249,0.964246,6
66,it1400_p30_ps30_ms22_par01_unone_bdiv,1400,30,30,22,0.1,18,0.585117,0.266303,0.92992,6
67,it700_p30_ps30_ms18_par08_unone_bdiv,700,30,30,18,0.8,18,0.549735,0.0,0.938738,5
68,it700_p30_ps30_ms22_par01_unone_bdiv,700,30,30,22,0.1,18,0.541178,0.0,0.944761,5
69,it700_p30_ps60_ms18_par01_unone_bdiv,700,30,60,18,0.1,18,0.534739,0.170399,0.953061,6
70,it1400_p60_ps30_ms18_par30_unone_bdiv,1400,60,30,18,3.0,18,0.524552,0.0,0.865,4
71,it1400_p60_ps60_ms18_par30_unone_bdiv,1400,60,60,18,3.0,18,0.503626,0.0,0.918282,4
72,it700_p60_ps30_ms18_par30_unone_bdiv,700,60,30,18,3.0,18,0.486387,0.0,0.865,3
